Model,Accuracy,Precision,Recall,F1-Score,ROC-AUC,Kappa,MCC
decision_tree,1.0,1.0,1.0,1.0,1.0,1.0,1.0
gradient_boosting,0.9998694346520434,1.0,0.9995667244367418,0.9997833152762731,1.0,0.9996898835344434,0.9996899316056458
xgboost,0.9998694346520434,1.0,0.9995667244367418,0.9997833152762731,1.0,0.9996898835344434,0.9996899316056458
mlp,0.9990860425643034,0.9982676483326115,0.9987001733102253,0.99848386398094,0.9999910931952984,0.9978297195523878,0.997829767510503
random_forest,0.9989554772163468,1.0,0.9965337954939342,0.9982638888888888,0.9999915790210094,0.9975169266561279,0.9975200018420792
svm,0.9986943465204334,0.9986979166666666,0.9969670710571924,0.9978317432784042,0.9999842106643925,0.9968976886139704,0.9968984561731168
